ticket_text,category,template_id
Technic@l 3rror during ch3ckout,Technical,Technical_6
p@yment successful but order missing,Payment,Payment_7
5YSTEM FA1LURE WH1LE 0RDER1NG REALLY FRUSTRATED,Technical,Technical_7
R3fund proc3s5 taking too long,Refund,Refund_5
refund not rece1ved after c@ncellat1on as@p,Refund,Refund_0
unexpected 3rror m355age @ppe@r5 seriously,Technical,Technical_9
System f@ilure while ordering seriously,Technical,Technical_7
r3fund promi5ed but not credit3d,Refund,Refund_2
trans@ction failed @fter p@ym3nt,Payment,Payment_6
H0W TO CHANGE EMA1L ADDRES5,Other,Other_5
PAYM3NT WAS D3DUCTED BUT ORDER FAIL3D,Payment,Payment_0
REFUND 5TATU5 NOT UPDATED,Refund,Refund_9
need help with di5count codes @5ap,Other,Other_0
ch@rg3d for an 0rder that d1d not c0mplete,Payment,Payment_8
SYST3M F@ILUR3 WH1LE ORD3RING REALLY FRUSTRATED,Technical,Technical_7
Page keeps r3fre5h1ng immedi@tely,Technical,Technical_8
support needed f0r gener@l 15sue,Other,Other_9
BANK SHOWS DEBIT BUT NO ORDER CREATED,Payment,Payment_3
application fr3ezes frequently ser1ou5ly,Technical,Technical_1
need help w1th di5c0unt c0d3s,Other,Other_0
supp0rt ne3d3d for g3neral issue,Other,Other_9
5upport n33ded f0r g3n3r@l is5ue urg3nt,Other,Other_9
Account @ccess den1ed need th1s re50lved today,Account,Account_8
app not responding urgent,Technical,Technical_5
PAYM3NT SUCCESSFUL BUT ORDER MISS1NG,Payment,Payment_7
qu3sti0n @bout loyalty p0ints n3ed this resolv3d today,Other,Other_6
5UPPORT NE3D3D FOR GEN3RAL IS5U3 REALLY FRUSTRATED,Other,Other_9
Cann0t @ccess my account not @ scam,Account,Account_1
Refund not rec3ived aft3r canc3llat10n,Refund,Refund_0
Error occur5 while placing order,Technical,Technical_3
HELP NE3DED WITH @CC0UNT SETT1NGS,Other,Other_7
error occurs while placing order asap,Technical,Technical_3
QUERY REG@RDING SUB5CRIPTION PLANS NEED TH15 R3SOLV3D TODAY,Other,Other_4
REFUND M1SSING AFTER RETURN,Refund,Refund_7
p@yment was deduct3d but 0rder failed,Payment,Payment_0
3rr0r occur5 while placing order urgent,Technical,Technical_3
need h3lp with d1scount code5,Other,Other_0
payment succ3ssful but 0rder m1ssing,Payment,Payment_7
@ccount l0cked aft3r login att3mpt,Account,Account_0
Transaction f@iled @fter payment need th1s resolved t0d@y,Payment,Payment_6
p@ge keeps refreshing,Technical,Technical_8
check0ut failed @ft3r @m0unt was deducted,Payment,Payment_9
inquiry ab0ut new feature5 pl3ase help,Other,Other_8
refund delayed beyond expected time,Refund,Refund_8
bank shows debit but no 0rder created,Payment,Payment_3
payment succe5sful but 0rder mis5ing,Payment,Payment_7
P@YMENT W@S DEDUCTED BUT 0RDER F@1LED,Payment,Payment_0
charg3d twice dur1ng checkout,Payment,Payment_1
HOW TO UPDATE PROFILE INFORMATI0N,Other,Other_1
AMOUNT DEBITED BUT TRANS@CT1ON UN5UCCE5SFUL REALLY FRUSTRAT3D,Payment,Payment_2
P@YMENT 5UCCES5FUL BUT ORDER MIS51NG KINDLY CH3CK,Payment,Payment_7
refund d3layed beyond 3xpect3d time,Refund,Refund_8
R3fund still pend1ng @sap,Refund,Refund_3
how to upd@te profile informat1on a5ap,Other,Other_1
refund statu5 not updated,Refund,Refund_9
MONEY TAK3N BUT ORDER N0T CONFIRMED,Payment,Payment_5
no upd@t3 on refund reque5t,Refund,Refund_4
CHARG3D TWICE DUR1NG CHECK0UT,Payment,Payment_1
account locked after l0gin attempt,Account,Account_0
p@yment succ3ssful but order m1s5ing,Payment,Payment_7
Support needed for general is5ue,Other,Other_9
passw0rd re53t not work1ng this is unacc3ptable,Account,Account_6
w3bsite n0t l0@ding properly pl3ase help,Technical,Technical_2
inquiry @bout new featur3s,Other,Other_8
PAYMENT SUCCESSFUL BUT 0RD3R MISSING,Payment,Payment_7
Bank sh0w5 debit but no order cre@t3d pleas3 help,Payment,Payment_3
how t0 chang3 ema1l addr3ss th1s 15 unacc3ptable,Other,Other_5
P@ym3nt compl3ted but app cra5hed s3riously,Payment,Payment_4
login n0t working anymore seriously,Account,Account_3
UNEXPECTED 3RROR ME55AGE APP3ARS THIS IS UNACCEPTABL3,Technical,Technical_9
@pp not re5pond1ng a5ap,Technical,Technical_5
SCREEN GOES BLANK 0N PAYMENT NOT @ SCAM,Technical,Technical_4
Account verificati0n f@iled need th15 r35olved t0day,Account,Account_7
UN@BL3 TO LOG IN @FTER UPDAT3,Account,Account_9
@pplicati0n freez3s frequ3ntly,Technical,Technical_1
APP CR@SHES ON CHECK0UT K1NDLY CHECK,Technical,Technical_0
passw0rd reset not working asap,Account,Account_6
TRAN5ACTI0N FAILED AFT3R PAYM3NT,Payment,Payment_6
HOW T0 CHANG3 EMAIL ADDRESS NOT @ SCAM,Other,Other_5
QUESTION AB0UT L0Y@LTY POINT5,Other,Other_6
REFUND PROCE55 TAKING T0O LONG,Refund,Refund_5
charged for @n 0rder th@t did not c0mpl3te urgent,Payment,Payment_8
HELP NEED3D WITH @CC0UNT SETTINGS,Other,Other_7
R3FUND MISS1NG AFT3R RETURN,Refund,Refund_7
w3bsite not lo@ding pr0perly,Technical,Technical_2
Checkout failed after amount w@s deducted s3riously,Payment,Payment_9
r3fund del@yed beyond 3xpect3d t1me please help,Refund,Refund_8
h0w t0 update profile inf0rmation,Other,Other_1
appl1cation freezes frequently,Technical,Technical_1
@ccount ver1ficat1on f@1led please help,Account,Account_7
Page ke3ps r3freshing,Technical,Technical_8
Help n3eded with @ccount s3ttings this is unacc3pt@ble,Other,Other_7
T3chnical err0r during check0ut,Technical,Technical_6
WEBS1TE NOT LOAD1NG PROPERLY NOT @ 5CAM,Technical,Technical_2
NEED AS51STANCE W1TH OFF3R5,Other,Other_3
screen goes blank on p@yment th15 i5 unacceptable,Technical,Technical_4
Ch@rged for an 0rd3r th@t did not complete ple@se help,Payment,Payment_8
payment succe5sful but 0rder missing,Payment,Payment_7
Need assistance w1th 0ffers this is unaccept@ble,Other,Other_3
Charged twic3 during checkout urg3nt,Payment,Payment_1
Unable to s1gn 1n to account s3riously,Account,Account_4
n3ed @ssist@nce w1th offers imm3diately,Other,Other_3
CHARGED TWICE DURING CH3CKOUT IMMEDI@T3LY,Payment,Payment_1
web5ite not l0ading prop3rly,Technical,Technical_2
ERR0R OCCURS WH1LE PLAC1NG ORDER PL3@SE HELP,Technical,Technical_3
money taken but ord3r not confirmed,Payment,Payment_5
app crash3s on checkout s3riou5ly,Technical,Technical_0
account blocked without re@5on,Account,Account_2
3rror occur5 while pl@c1ng order,Technical,Technical_3
R3fund still pending s3riously,Refund,Refund_3
refund 5till pending th1s i5 unacceptable,Refund,Refund_3
general questi0n @b0ut s3rvic3s,Other,Other_2
error 0ccurs while placing 0rd3r not a scam,Technical,Technical_3
@mount debited but trans@ction unsuccessful need this r3solved today,Payment,Payment_2
quest1on about loyalty po1nt5 kindly ch3ck,Other,Other_6
ACCOUNT ACCE5S DENIED,Account,Account_8
unable to 51gn 1n to account n0t a scam,Account,Account_4
l0gin not working anymore,Account,Account_3
Waiting for refund 51nc3 last we3k ple@se help,Refund,Refund_1
payment completed but app cra5h3d,Payment,Payment_4
@ccount bl0cked without reason,Account,Account_2
R3FUND MISSING @FTER R3TURN ASAP,Refund,Refund_7
WEB5IT3 NOT LOAD1NG PROP3RLY IMMEDIAT3LY,Technical,Technical_2
refund pr0cess taking to0 long 1mmed1ately,Refund,Refund_5
l0g1n not working anym0r3 ple@se help,Account,Account_3
@ccount blocked without reas0n,Account,Account_2
How to update profile 1nform@tion,Other,Other_1
ACC0UNT LOCKED AFTER LOGIN ATT3MPT,Account,Account_0
REFUND PROM1SED BUT NOT CREDITED,Refund,Refund_2
W3bsite not lo@ding pr0p3rly n3ed this r3solved today,Technical,Technical_2
BANK SHOW5 DEB1T BUT NO 0RDER CRE@TED N3ED TH1S R3SOLVED TODAY,Payment,Payment_3
waiting for refund 5inc3 l@st we3k urgent,Refund,Refund_1
HELP NEED3D WITH ACCOUNT SETTINGS,Other,Other_7
ACC0UNT VER1FICATION FAIL3D SERIOU5LY,Account,Account_7
No update 0n r3fund r3quest,Refund,Refund_4
MONEY TAKEN BUT ORDER NOT CONFIRMED REALLY FRU5TRATED,Payment,Payment_5
refund status n0t updat3d need th1s resolved today,Refund,Refund_9
Amount d3bited but trans@ction unsucces5ful,Payment,Payment_2
CHARGED TW1CE DURING CHECKOUT,Payment,Payment_1
password res3t n0t working,Account,Account_6
tr@nsaction f@il3d after payment,Payment,Payment_6
account lock3d aft3r l0gin attempt asap,Account,Account_0
help ne3ded with account 5ett1ng5,Other,Other_7
CHECKOUT FA1LED AFTER @MOUNT WAS DEDUCT3D S3RIOUSLY,Payment,Payment_9
account suspended sudd3nly r3@lly frustr@t3d,Account,Account_5
pas5word reset n0t w0rking,Account,Account_6
am0unt deb1ted but transact1on unsucce5sful,Payment,Payment_2
ACCOUNT BLOCKED WITHOUT RE@SON,Account,Account_2
password reset not working,Account,Account_6
GEN3RAL QUESTION ABOUT S3RV1CES TH15 IS UNACC3PTABLE,Other,Other_2
Payment was deducted but 0rder fail3d 5eriously,Payment,Payment_0
W@iting f0r refund since last we3k,Refund,Refund_1
payment completed but app cr@5hed,Payment,Payment_4
CH@RGED TWICE DURING CHECK0UT N0T A SCAM,Payment,Payment_1
Qu3stion about loyalty p0ints,Other,Other_6
app n0t responding asap,Technical,Technical_5
P@YMENT WAS DEDUCT3D BUT ORDER F@ILED KINDLY CHECK,Payment,Payment_0
cannot acces5 my account,Account,Account_1
need help with discount cod3s thi5 i5 unacc3ptabl3,Other,Other_0
Transact1on fail3d aft3r payment immediat3ly,Payment,Payment_6
w@iting f0r r3fund s1nce last week 5eriously,Refund,Refund_1
applicat10n freezes frequently,Technical,Technical_1
general question ab0ut serv1ce5,Other,Other_2
AM0UNT DEBIT3D BUT TR@NS@CT1ON UNSUCCE5SFUL ASAP,Payment,Payment_2
N3ED @SSI5T@NC3 WITH OFF3RS PLE@5E HELP,Other,Other_3
H3lp n3ed3d with acc0unt 53tt1ngs kindly check,Other,Other_7
@mount debited but transaction unsuccessful th1s 1s unacc3pt@ble,Payment,Payment_2
paym3nt was deduct3d but ord3r failed,Payment,Payment_0
how t0 change 3ma1l addre55 this is un@cc3ptabl3,Other,Other_5
refund not r3ce1v3d aft3r canc3llation ne3d this r35olved today,Refund,Refund_0
b@nk shows debit but no ord3r cr3ated really frustrated,Payment,Payment_3
r3fund proce5s t@king t0o long this 1s unaccept@bl3,Refund,Refund_5
1nquiry about new f3atur3s th1s i5 un@cc3ptable,Other,Other_8
WAITING FOR REFUND S1NCE LA5T WEEK,Refund,Refund_1
W@1TING FOR REFUND S1NC3 LAST WEEK,Refund,Refund_1
r3fund mi55ing aft3r return,Refund,Refund_7
sy5tem f@ilur3 while 0rdering,Technical,Technical_7
refund delayed b3yond 3xpected t1me,Refund,Refund_8
n0 update on refund request seriously,Refund,Refund_4
technic@l error dur1ng checkout as@p,Technical,Technical_6
Unexpected 3rr0r mes5age appears thi5 is unacc3pt@ble,Technical,Technical_9
R3FUND ST@TUS NOT UPDATED N3ED THIS RES0LVED TODAY,Refund,Refund_9
need help with d1sc0unt codes 1mmedi@tely,Other,Other_0
Acc0unt verif1cation failed,Account,Account_7
how to chang3 3mail @ddres5,Other,Other_5
NO UPDATE ON R3FUND R3QUEST 1MMED1ATELY,Refund,Refund_4
T3CHN1CAL ERROR DURING CHECKOUT IMM3D1ATELY,Technical,Technical_6
Trans@ction fail3d @fter p@yment,Payment,Payment_6
CANN0T @CCE5S MY ACC0UNT IMMED1ATELY,Account,Account_1
money not refunded y3t,Refund,Refund_6
5upport need3d f0r general 1ssue r3ally frustrated,Other,Other_9
5ystem fa1lure while ordering,Technical,Technical_7
NE3D HELP WITH DI5COUNT CODE5,Other,Other_0
account verif1cation fa1led,Account,Account_7
refund n0t received after cancellation this is unacceptabl3,Refund,Refund_0
UN@BLE TO S1GN IN TO ACC0UNT,Account,Account_4
no update 0n r3fund requ3st not a scam,Refund,Refund_4
check0ut failed after am0unt was deducted,Payment,Payment_9
refund pr0cess t@king too long,Refund,Refund_5
TECHNICAL ERROR DUR1NG CH3CK0UT,Technical,Technical_6
QUESTI0N ABOUT L0YALTY PO1NT5 NEED THIS R3SOLVED TOD@Y,Other,Other_6
Ch@rg3d for an order that d1d not compl3te not a 5cam,Payment,Payment_8
unable to sign in t0 @ccount r3@lly frustrated,Account,Account_4
mon3y not refund3d yet,Refund,Refund_6
mon3y not refund3d yet,Refund,Refund_6
refund status not upd@ted ne3d this r35olved t0day,Refund,Refund_9
Account blocked without r3ason,Account,Account_2
payment succ3s5ful but order mis5ing this is un@cceptabl3,Payment,Payment_7
help ne3ded w1th account settings,Other,Other_7
@pp not re5ponding,Technical,Technical_5
@CCOUNT 5U5PENDED SUDDENLY,Account,Account_5
w@iting for refund since last w3ek,Refund,Refund_1
appl1cati0n freezes frequently,Technical,Technical_1
un@ble to log in aft3r update this is unaccept@bl3,Account,Account_9
Account suspended suddenly pl3ase h3lp,Account,Account_5
App not responding thi5 is unaccept@bl3,Technical,Technical_5
un3xpect3d error me55age appears immediately,Technical,Technical_9
@ccount blocked without re@50n,Account,Account_2
APP N0T R35PONDING,Technical,Technical_5
Login not work1ng anym0re,Account,Account_3
Page k3ep5 r3freshing 1mm3diately,Technical,Technical_8
ACCOUNT VERIFIC@TION FAILED IMMEDIAT3LY,Account,Account_7
Bank show5 deb1t but no order cr3at3d n0t a scam,Payment,Payment_3
refund status not upd@ted not a scam,Refund,Refund_9
r3fund 5till p3nding,Refund,Refund_3
technical 3rr0r during checkout really fru5tr@ted,Technical,Technical_6
unable to s1gn in t0 @ccount,Account,Account_4
NE3D ASSI5TANCE W1TH OFFERS RE@LLY FRUSTRATED,Other,Other_3
acc0unt acce55 deni3d imm3di@t3ly,Account,Account_8
Money t@ken but order not confirmed 53r1ously,Payment,Payment_5
w@it1ng for refund 5inc3 last week,Refund,Refund_1
CH@RGED FOR AN 0RD3R THAT DID NOT C0MPL3TE ASAP,Payment,Payment_8
NEED ASSISTANCE WITH 0FF3RS,Other,Other_3
payment w@s deducted but order f@1led,Payment,Payment_0
techn1cal error during ch3ckout,Technical,Technical_6
SCREEN G0E5 BL@NK ON PAYMENT NOT @ SCAM,Technical,Technical_4
3rr0r occurs while plac1ng order,Technical,Technical_3
REFUND PR0CE5S TAKING TOO LONG NEED THIS RES0LVED TODAY,Refund,Refund_5
R3FUND PROCESS TAK1NG T00 L0NG,Refund,Refund_5
r3fund miss1ng after r3turn pl3as3 help,Refund,Refund_7
UNEXPECTED ERROR M3S5AG3 @PP3@R5 IMMED1ATELY,Technical,Technical_9
R3fund d3l@yed b3yond expected tim3 this 15 unacc3pt@ble,Refund,Refund_8
QU3RY REG@RD1NG SUBSCRIPTION PLANS 1MM3DIATELY,Other,Other_4
charged tw1ce dur1ng ch3ck0ut not a scam,Payment,Payment_1
pag3 ke3ps refreshing,Technical,Technical_8
Refund n0t r3ce1ved after c@ncellation this 1s unacceptable,Refund,Refund_0
ch@rged for an ord3r that did not complete n0t a sc@m,Payment,Payment_8
B@NK SHOWS DEBIT BUT N0 ORDER CREATED THIS IS UNACCEPT@BL3,Payment,Payment_3
@pplication fr3ez35 fr3quently really frustrated,Technical,Technical_1
m0ney not r3funded yet,Refund,Refund_6
quest10n @bout loyalty points really frustr@ted,Other,Other_6
un@bl3 to log 1n after update,Account,Account_9
help need3d with account sett1ngs asap,Other,Other_7
R3FUND STATUS NOT UPDATED,Refund,Refund_9
unable t0 log in after update ne3d th1s r35olv3d tod@y,Account,Account_9
how to upd@te profil3 1nformation,Other,Other_1
N0 upd@te 0n refund request,Refund,Refund_4
unexpect3d 3rror message appears immed1@t3ly,Technical,Technical_9
no update on refund requ35t seriou5ly,Refund,Refund_4
Query regard1ng subscription plans,Other,Other_4
acc0unt @cc3ss deni3d,Account,Account_8
refund pr0mis3d but not credited,Refund,Refund_2
technic@l err0r during ch3ckout,Technical,Technical_6
Checkout fa1led after amount w@5 deducted kindly ch3ck,Payment,Payment_9
N0 updat3 on refund r3que5t immedi@tely,Refund,Refund_4
LOGIN NOT WORK1NG ANYM0RE S3RIOU5LY,Account,Account_3
qu3ry regarding subscr1ption plans,Other,Other_4
CHECK0UT F@ILED AFTER @MOUNT WA5 DEDUCT3D NOT A SCAM,Payment,Payment_9
need help with discount c0d3s 1mmediately,Other,Other_0
r3fund pr0m1s3d but n0t cr3dit3d,Refund,Refund_2
r3fund delayed bey0nd expected tim3,Refund,Refund_8
@ccount locked after login attempt,Account,Account_0
un@ble to 5ign in to acc0unt s3r1ously,Account,Account_4
@PP CR@SHES ON CH3CKOUT @S@P,Technical,Technical_0
Unable to log in @fter upd@te,Account,Account_9
APP N0T R35POND1NG URGENT,Technical,Technical_5
P@ge ke3ps refr3shing kindly ch3ck,Technical,Technical_8
Un3xpected error me5s@ge appears,Technical,Technical_9
account acces5 den1ed k1ndly check,Account,Account_8
refund prom1sed but n0t credited really fru5trated,Refund,Refund_2
app crashes on check0ut,Technical,Technical_0
@CCOUNT BLOCK3D WITHOUT R3@SON KINDLY CHECK,Account,Account_2
how to update prof1le 1nformati0n,Other,Other_1
CANNOT @CCE5S MY @CCOUNT NEED THI5 RES0LVED TODAY,Account,Account_1
Refund promised but not cr3dited really frustrated,Refund,Refund_2
gen3ral qu3sti0n about serv1ces thi5 i5 unacceptable,Other,Other_2
account acce55 denied,Account,Account_8
Query regarding subscript1on plans,Other,Other_4
5YSTEM FAILURE WHILE 0RDERING,Technical,Technical_7
unabl3 to log in after update,Account,Account_9
@PP NOT RESP0NDING IMM3D1ATELY,Technical,Technical_5
UN@BLE TO LOG IN AFTER UPDAT3,Account,Account_9
UN3XPECTED ERROR MESSAGE APPEARS,Technical,Technical_9
SCRE3N GOE5 BLANK ON P@YMENT,Technical,Technical_4
Waiting for refund since la5t week,Refund,Refund_1
Refund m1ssing after return urgent,Refund,Refund_7
@pp cr@shes on ch3ckout pleas3 help,Technical,Technical_0
NEED ASSISTANCE WITH OFF3R5 N33D THIS R3SOLVED TODAY,Other,Other_3
1nquiry about n3w features,Other,Other_8
INQUIRY ABOUT NEW F3ATURE5 NEED THIS RESOLV3D TODAY,Other,Other_8
General question about services,Other,Other_2
LOGIN N0T WORK1NG ANYMORE,Account,Account_3
applic@t1on freezes frequ3ntly not a 5cam,Technical,Technical_1
M0N3Y NOT REFUNDED YET,Refund,Refund_6
r3fund st1ll pend1ng,Refund,Refund_3
refund status not updated th1s is unacceptable,Refund,Refund_9
account susp3nded 5uddenly,Account,Account_5
l0gin not working anymor3,Account,Account_3
w@iting for refund s1nce last week,Refund,Refund_1
REFUND PROMI53D BUT NOT CREDITED,Refund,Refund_2
screen go3s blank on payment,Technical,Technical_4
ACCOUNT BL0CK3D WITHOUT REASON,Account,Account_2
N33D HELP WITH DISCOUNT COD3S,Other,Other_0
unexpected error mess@g3 appear5 need th1s re50lved tod@y,Technical,Technical_9
REFUND PR0MI53D BUT N0T CREDITED,Refund,Refund_2
account @cce5s d3ni3d really frustr@ted,Account,Account_8
HOW T0 UPDATE PROFILE INFORMAT10N,Other,Other_1
refund not receiv3d @ft3r cancell@tion,Refund,Refund_0
sy5tem failur3 while ord3ring,Technical,Technical_7
website not lo@d1ng properly,Technical,Technical_2
refund st1ll p3nding please help,Refund,Refund_3
HOW T0 CHANG3 EMAIL ADDRE55,Other,Other_5
P@YMENT COMPLET3D BUT APP CRASHED @SAP,Payment,Payment_4
QUE5TION AB0UT LOYALTY POINTS,Other,Other_6
Transaction f@1led after p@ym3nt need this resolved t0day,Payment,Payment_6
acc0unt acce5s d3n13d urg3nt,Account,Account_8
ch@rged for an ord3r th@t did n0t complet3 immediately,Payment,Payment_8
UN@BLE T0 SIGN IN TO ACCOUNT,Account,Account_4
refund delayed beyond 3xp3cted time,Refund,Refund_8
page k3eps refr35hing,Technical,Technical_8
R3FUND PROC3SS TAKING TOO L0NG NOT A 5CAM,Refund,Refund_5
CH@RGED TWIC3 DUR1NG CHECK0UT @SAP,Payment,Payment_1
b@nk shows debit but no 0rd3r created,Payment,Payment_3
amount debited but transaction unsucc3ssful,Payment,Payment_2
refund mi55ing after return,Refund,Refund_7
n0 update 0n r3fund requ3st 1mmediately,Refund,Refund_4
UNEXPECTED 3RROR MESSAGE APPEARS REALLY FRUSTRATED,Technical,Technical_9
5creen go35 blank on payment urgent,Technical,Technical_4
Account blocked without re@son s3riously,Account,Account_2
check0ut failed aft3r amount was d3ducted,Payment,Payment_9
MON3Y TAK3N BUT ORDER N0T CONF1RMED,Payment,Payment_5
unable to 5ign in to account,Account,Account_4
1nquiry about new f3ature5,Other,Other_8
Syst3m failure while ordering imm3diat3ly,Technical,Technical_7
refund mis51ng after r3turn,Refund,Refund_7
p@ym3nt c0mpl3ted but app cra5hed asap,Payment,Payment_4
SUPPORT NEEDED FOR GENER@L ISSUE,Other,Other_9
GEN3RAL QUESTI0N AB0UT 53RVICES,Other,Other_2
@CCOUNT LOCKED AFTER LOGIN ATT3MPT,Account,Account_0
ACCOUNT ACC3SS DENIED,Account,Account_8
Account 5uspended suddenly r3@lly frustr@ted,Account,Account_5
HOW TO UPDATE PROFILE INFORMATION NEED TH1S RESOLVED TODAY,Other,Other_1
P@YM3NT WAS D3DUCTED BUT ORDER FAILED URGENT,Payment,Payment_0
Account su5pended sudd3nly,Account,Account_5
query regarding 5ubscr1pt1on plans ser1ou5ly,Other,Other_4
refund not received after cancellation not a 5cam,Refund,Refund_0
@cc0unt block3d with0ut rea5on not @ scam,Account,Account_2
General que5t1on about s3rv1c35,Other,Other_2
CANNOT ACC35S MY @CC0UNT THI5 IS UN@CCEPT@BLE,Account,Account_1
r3fund mis51ng aft3r return,Refund,Refund_7
checkout failed after @mount w@s deducted as@p,Payment,Payment_9
un@ble t0 log 1n aft3r updat3,Account,Account_9
Cannot acce5s my account,Account,Account_1
transact1on f@iled after paym3nt need this r35olved t0day,Payment,Payment_6
PAYMENT COMPL3TED BUT APP CR@5HED PLE@SE HELP,Payment,Payment_4
BANK 5HOW5 D3BIT BUT N0 0RD3R CREAT3D URGENT,Payment,Payment_3
password reset not working,Account,Account_6
website not loading properly plea5e help,Technical,Technical_2
Account l0ck3d after l0gin attempt 1mmediately,Account,Account_0
qu3ry regard1ng sub5cr1pt1on plans asap,Other,Other_4
@mount deb1ted but tr@nsact1on un5ucces5ful n0t a scam,Payment,Payment_2
Gener@l que5ti0n about service5,Other,Other_2
login not w0rking anymore please help,Account,Account_3
Pa5sword re53t not working,Account,Account_6
@cc0unt access den1ed,Account,Account_8
money n0t r3funded yet,Refund,Refund_6
g3ner@l que5tion ab0ut serv1ce5,Other,Other_2
refund st1ll pending,Refund,Refund_3
Tr@n5acti0n fa1led @ft3r paym3nt s3r1ou5ly,Payment,Payment_6
refund 5till pending really frustrated,Refund,Refund_3
refund promised but not credit3d,Refund,Refund_2
HELP NE3D3D WITH ACCOUNT SETTINGS @SAP,Other,Other_7
Payment wa5 deducted but 0rder f@iled k1ndly check,Payment,Payment_0
W3BSITE NOT LO@DING PROPERLY URGENT,Technical,Technical_2
qu3stion about loyalty po1nts,Other,Other_6
transaction fa1led after payment n0t a 5cam,Payment,Payment_6
app crash3s on ch3ckout,Technical,Technical_0
Ch@rged tw1ce during checkout immediately,Payment,Payment_1
Refund proce55 t@k1ng too long th1s 1s unaccept@bl3,Refund,Refund_5
PAYMENT COMPL3TED BUT APP CRASHED SERIOUSLY,Payment,Payment_4
5ystem failure while order1ng,Technical,Technical_7
question about loy@lty points pl3as3 help,Other,Other_6
N3ed help w1th discount cod3s not a 5cam,Other,Other_0
CANNOT ACC35S MY ACC0UNT A5AP,Account,Account_1
ACCOUNT VERIFICATION FAIL3D,Account,Account_7
NE3D ASSISTANC3 W1TH 0FFERS,Other,Other_3
need a5s1st@nc3 with 0ffers,Other,Other_3
Err0r occur5 while placing order,Technical,Technical_3
login not working anymor3 kindly check,Account,Account_3
account locked after l0g1n attempt this is un@cc3ptable,Account,Account_0
cann0t @cce55 my acc0unt,Account,Account_1
unabl3 to log 1n aft3r updat3 really fru5trated,Account,Account_9
how to change em@il address need this re5olved tod@y,Other,Other_5
account suspended 5uddenly n0t a 5c@m,Account,Account_5
INQUIRY AB0UT N3W F3@TURES ASAP,Other,Other_8
Inquiry @bout new feature5,Other,Other_8
app cra5hes on check0ut,Technical,Technical_0
app not resp0nding asap,Technical,Technical_5
P@S5WORD R3SET N0T WORK1NG,Account,Account_6
account locked after l0gin att3mpt,Account,Account_0
MONEY N0T REFUNDED YET ASAP,Refund,Refund_6
paym3nt completed but app cra5h3d,Payment,Payment_4
cannot access my @ccount a5@p,Account,Account_1
need h3lp with discount codes,Other,Other_0
refund st@tu5 not updat3d,Refund,Refund_9
app crash3s on checkout ser1ously,Technical,Technical_0
ACCOUNT SU5P3NDED 5UDDENLY,Account,Account_5
R3FUND NOT RECEIVED AFT3R CANCELLATI0N PLEASE HELP,Refund,Refund_0
Mon3y t@ken but order n0t c0nfirm3d,Payment,Payment_5
page keep5 r3fresh1ng this is unacc3pt@ble,Technical,Technical_8
Payment was deduct3d but order f@il3d seriou5ly,Payment,Payment_0
query regard1ng subscription plans urgent,Other,Other_4
INQUIRY AB0UT NEW F3ATURE5 N0T A SC@M,Other,Other_8
payment completed but app crashed,Payment,Payment_4
how to update pr0fil3 informati0n seriously,Other,Other_1
CHARGED FOR AN 0RD3R THAT DID NOT C0MPLETE REALLY FRUSTRATED,Payment,Payment_8
ACCOUNT LOCKED AFTER LOG1N ATTEMPT,Account,Account_0
B@nk show5 debit but no order cre@ted,Payment,Payment_3
Pa55w0rd r3set not working not a scam,Account,Account_6
g3neral quest1on about serv1ces,Other,Other_2
technical 3rror during checkout urg3nt,Technical,Technical_6
checkout failed after @m0unt w@s d3ducted,Payment,Payment_9
error occurs whil3 placing order please help,Technical,Technical_3
help needed with account s3tt1ngs kindly ch3ck,Other,Other_7
M0NEY TAKEN BUT ORD3R NOT CONFIRMED PLEASE HELP,Payment,Payment_5
Screen go3s blank on payment,Technical,Technical_4
PAS5WORD RE53T N0T W0RK1NG,Account,Account_6
UNABL3 T0 5IGN 1N TO ACCOUNT IMMEDIAT3LY,Account,Account_4
CHARG3D TWICE DUR1NG CH3CKOUT,Payment,Payment_1
application freeze5 fr3quently,Technical,Technical_1
charged for an ord3r that did not complet3,Payment,Payment_8
pag3 keeps refre5hing not a sc@m,Technical,Technical_8
account verification f@iled ple@s3 help,Account,Account_7
Money n0t refunded y3t,Refund,Refund_6
web5ite not loading properly,Technical,Technical_2
5upport needed for general 15su3,Other,Other_9
REFUND STILL PENDING PLEASE HELP,Refund,Refund_3
@pp crashes 0n check0ut,Technical,Technical_0
inqu1ry about new feature5 1mmediately,Other,Other_8
APPLICAT1ON FR3EZES FREQUENTLY PLE@53 HELP,Technical,Technical_1
Unable t0 51gn in to account,Account,Account_4
m0ney taken but 0rd3r not conf1rmed n3ed this r3solved t0day,Payment,Payment_5
techn1c@l error during check0ut,Technical,Technical_6
money taken but order not conf1rmed please help,Payment,Payment_5
h0w to change email addres5,Other,Other_5
REFUND MIS5ING @FTER RETURN PLEASE HELP,Refund,Refund_7
query regarding subscription plans really frustr@ted,Other,Other_4
refund d3l@yed beyond exp3cted time th1s 1s un@cc3pt@bl3,Refund,Refund_8
SUPPORT N3EDED FOR GEN3RAL I55UE THIS I5 UNACCEPT@BLE,Other,Other_9
refund del@yed bey0nd exp3cted t1me k1ndly check,Refund,Refund_8
M0NEY NOT REFUND3D YET,Refund,Refund_6
money taken but 0rder not confirmed ser1ou5ly,Payment,Payment_5
payment completed but app cr@shed,Payment,Payment_4
screen goes blank 0n payment,Technical,Technical_4
log1n n0t working @nymor3,Account,Account_3
Acc0unt su5pended suddenly immediately,Account,Account_5
amount d3b1ted but transacti0n un5uccessful,Payment,Payment_2
@ppl1cation fre3z3s frequently really frustrated,Technical,Technical_1
HOW TO CH@NGE EM@IL ADDRE55,Other,Other_5
money not refunded yet urgent,Refund,Refund_6
@CC0UNT VERIFICATI0N F@1LED,Account,Account_7
QUERY R3GARDING SUBSCRIPTI0N PLANS REALLY FRU5TRATED,Other,Other_4
refund 5t@tus not updat3d not a scam,Refund,Refund_9
Page ke3ps r3fre5h1ng,Technical,Technical_8
Unable to log in @fter upd@te,Account,Account_9
HOW TO UPDATE PR0FILE INFORMATION,Other,Other_1
Scr3en g0es blank on payment 1mm3diately,Technical,Technical_4
account su5p3nded sudd3nly ser1ou5ly,Account,Account_5
app crashes 0n ch3ckout,Technical,Technical_0
n0 update on refund request,Refund,Refund_4
refund st1ll p3nding,Refund,Refund_3
Refund pr0cess taking too l0ng this 1s unaccept@bl3,Refund,Refund_5
app not re5ponding need th15 r3s0lved today,Technical,Technical_5
checkout fa1led aft3r @mount was deducted,Payment,Payment_9
sy5tem failure while order1ng,Technical,Technical_7
CHARGED FOR AN ORDER THAT DID NOT COMPL3TE NEED THI5 RESOLVED TODAY,Payment,Payment_8
how to change email addr35s urgent,Other,Other_5
error 0ccur5 while pl@cing 0rder,Technical,Technical_3
cannot access my account,Account,Account_1
questi0n about loyalty p0int5,Other,Other_6
Refund pr0mised but not credited need thi5 re5olved today,Refund,Refund_2
SUPPORT NE3DED FOR GENERAL IS5UE,Other,Other_9
Amount deb1ted but transacti0n unsucce5sful,Payment,Payment_2
R3fund delayed bey0nd expect3d time this is unaccept@ble,Refund,Refund_8
payment successful but 0rd3r missing imm3di@tely,Payment,Payment_7
R3FUND NOT RECEIVED AFTER CANC3LLAT1ON,Refund,Refund_0
@cc0unt ver1f1cation failed r3ally frustrated,Account,Account_7
5CREEN G0ES BLANK ON P@YM3NT NEED THIS RESOLVED T0DAY,Technical,Technical_4
ne3d assi5tance with offers,Other,Other_3
refund not receiv3d @ft3r cancellati0n,Refund,Refund_0
